symbol,estimator,window_sec,h,horizon_sec,n,r2_last,r2_trailing,r2_seasonal,r2_trailing_cal,r2_seasonal_cal,r2_har,r2_har_over_seasonal,r2_har_over_trailing,dm_har_vs_trailing_cal,dm_p_har_vs_trailing_cal,dm_har_vs_seasonal_cal,dm_p_har_vs_seasonal_cal,dm_har_vs_constant,dm_p_har_vs_constant,trailing_halflife_mode,reliability_sb,har_share_of_ceiling
BTCUSDT,kyle_usd,60,1,60,759202,-0.6840444119302023,0.0461025360986345,0.0336940684454173,0.0486218180480657,0.0369321063193978,0.0778801209478968,0.0425183051965381,0.0307535987842417,34.35544941195123,1.1677798523825705e-258,42.37048118370255,0.0,39.5309361393641,0.0,288.0,0.2837331572305194,0.2744836793417946
BTCUSDT,kyle_usd,60,5,300,759116,-0.8422934459871798,0.0453262600492166,0.0336995333577623,0.0476989890272211,0.0369325578989979,0.0519201627219234,0.0155623626837897,0.0044326044455108,12.871913152069448,6.477750995433928e-38,29.074007729212934,7.652628005226648e-186,34.99665853586654,2.529171611206341e-268,288.0,0.2837331572305194,0.1829894088823071
BTCUSDT,kyle_usd,60,15,900,758959,-0.8813185846307428,0.0443637653226148,0.0336794037011654,0.046978928014039,0.0369114303850395,0.0491099840325597,0.012666076654193,0.0022361058754765,7.329547139080541,2.30931742739925e-13,25.664220768092854,2.933871696893872e-145,33.788990367648324,2.8620491732312806e-250,288.0,0.2837331572305194,0.1730851075422963
BTCUSDT,kyle_usd,60,60,3600,758326,-0.8909523491806703,0.0426407256579484,0.0336053473252812,0.0457204270876249,0.0368669117558112,0.0471296315760692,0.010655557311365,0.0014767207938272,5.492662799389263,3.959182958548973e-08,23.56435782082442,8.945648057078034e-123,32.9068296240671,1.7551532080943587e-237,288.0,0.2837331572305194,0.1661054775412754
BTCUSDT,kyle_usd,300,1,300,151842,-0.6433553814220114,0.074355816069452,0.0464890847999843,0.0786834748577035,0.0510421121872345,0.0992867979508318,0.0508396488223471,0.0223629149492853,19.47728383837664,1.7112017577708451e-84,23.557133975874795,1.0608672733015283e-122,23.687693648972694,4.828882124282448e-124,24.0,0.4255899875860421,0.2332921376134557
BTCUSDT,kyle_usd,300,2,600,151823,-0.720540761868814,0.0687325021126411,0.0465048397223191,0.0714886558098717,0.0510564714966799,0.085417142981171,0.0362093954512605,0.0150008799121869,13.924793691441392,4.4783275226839837e-44,19.05748337246436,5.69489628237385e-81,21.698200155577315,2.133515693569172e-104,48.0,0.4255899875860421,0.2007028959155252
BTCUSDT,kyle_usd,300,3,900,151807,-0.7575301515996797,0.0670290188992568,0.0465076882705637,0.069790705247946,0.0510541306398634,0.0818055558545139,0.0324058792050866,0.0129162874144043,12.489403892199244,8.529027815750437e-36,18.044333681090748,8.741236770776956e-73,21.293807780566382,1.2956122096613745e-100,48.0,0.4255899875860421,0.1922168242690983
BTCUSDT,kyle_usd,300,6,1800,151767,-0.7794331857041041,0.0630150928757468,0.0464807526113396,0.0650837189373277,0.0510369714452674,0.0779813442721484,0.0283934905956423,0.0137954869286911,12.663204367723704,9.455933483101982e-37,16.75911862250686,4.857720311946821e-63,20.670171293086547,6.428769816436355e-95,96.0,0.4255899875860421,0.1832311533324848
BTCUSDT,kyle_usd,300,12,3600,151681,-0.8051044278787121,0.0595585957268992,0.0464498436303302,0.0619672900755229,0.0510136645450374,0.0724396844924593,0.0225777960618893,0.0111642102734131,11.437631762040583,2.7118716814769033e-30,14.845139932643752,7.479856877573134e-50,19.94711096326909,1.5880342736559568e-88,96.0,0.4255899875860421,0.1702100298537076
BTCUSDT,kyle_usd,300,24,7200,151545,-0.8164151868413783,0.0535583734725594,0.0464333822284364,0.0553371009454364,0.0509846809986377,0.0667256179075593,0.0165865993875479,0.0120556411959449,11.346812910344052,7.69154195719674e-30,12.859977050279932,7.559911286225818e-38,19.480816887706045,1.5971088516354229e-84,288.0,0.4255899875860421,0.1567838056671137
BTCUSDT,kyle_usd,3600,1,3600,12648,-0.5307550131560002,0.0677015520731421,-0.0306810280642699,0.0754513551672579,0.0238184233381274,0.1177283383729295,0.0962012777949921,0.045727159346299,8.989236889228838,2.489529215297359e-19,11.17968734987222,5.127028979701625e-29,10.648480205333156,1.7723492240582763e-26,12.0,0.692382383259509,0.1700336999025063
BTCUSDT,kyle_usd,3600,2,7200,12635,-0.6713762660491396,0.0495555204380058,-0.0309325206331885,0.0573938489340163,0.0236906126476332,0.0873399393512285,0.0651938079548783,0.031769462127259,6.953321796464207,3.567835652232016e-12,8.712357709721527,2.9761877291891677e-18,8.778398043704213,1.6581950776243513e-18,24.0,0.692382383259509,0.1261440808763226
BTCUSDT,kyle_usd,3600,4,14400,12617,-0.7272166967427383,0.0349714302020863,-0.0307305591095554,0.0447412550794245,0.023732258842683,0.0751544185307171,0.0526721897284812,0.0318376184599297,6.527139050256062,6.703780732171982e-11,7.588014321914352,3.2484501651110703e-14,8.037039363502265,9.20351102262128e-16,24.0,0.692382383259509,0.1085446717706981
BTCUSDT,kyle_usd,3600,8,28800,12592,-0.8208792090348811,0.0189326124416556,-0.0301575936934823,0.0312876198738445,0.0239434826712096,0.0582593323507854,0.0351576461714422,0.0278428489511287,5.749465542091288,8.952599587479497e-09,5.60880453994512,2.037289523395175e-08,6.717140937355947,1.8532470567997818e-11,24.0,0.692382383259509,0.0841432909897556
BTCUSDT,kyle_usd,3600,24,86400,12573,-0.7997554831633773,0.0033163104838397,-0.0315737939804625,0.0124381296032272,0.0236379872280617,0.0407276171020669,0.0175033744148719,0.0286457875165572,6.054856892784773,1.4054255096093991e-09,3.9050083343303865,9.422213781839556e-05,6.071100406087107,1.270367257841494e-09,288.0,0.692382383259509,0.0588224340866887
BTCUSDT,sqrt_usd,60,1,60,759202,-0.6168284807993507,0.033737537793099,0.018236407035871,0.0358591514869929,0.0195662265209769,0.0792704318839204,0.0608957045115713,0.0450258698860033,51.43154388366409,0.0,59.64351161914754,0.0,51.94287768586239,0.0,96.0,0.4501470604876697,0.1760989659646834
BTCUSDT,sqrt_usd,60,5,300,759116,-0.8612237740097586,0.0302335609542858,0.0182296869419941,0.0308808333898941,0.0195595444324785,0.0347638696245696,0.0155076477166482,0.0040067685878694,11.615299472631596,3.4457892255186813e-31,33.610607006331506,1.1741564636446888e-247,34.96931370520345,6.588172809573731e-268,288.0,0.4501470604876697,0.0772278054796315
BTCUSDT,sqrt_usd,60,15,900,758959,-0.9214647989877084,0.0291883530806068,0.0182129136110421,0.029994792623916,0.0195432175053688,0.0301346409833386,0.0108025398641451,0.0001441727924336,0.453101919126865,0.6504753535014318,26.676993697661008,8.704760684049944e-157,31.136058600259304,7.833155467155828e-213,288.0,0.4501470604876697,0.066943991482899
BTCUSDT,sqrt_usd,60,60,3600,758326,-0.9246018981732138,0.0284042990500517,0.0181842895799416,0.0293091077771504,0.0195232481779111,0.029615439178807,0.0102931466576242,0.000315580793135,1.160440926715945,0.2458693318833041,25.432779230488475,1.0948126101130906e-142,30.413964238869013,3.5908615028620335e-203,288.0,0.4501470604876697,0.0657905866290073
BTCUSDT,sqrt_usd,300,1,300,151842,-0.6457638934297165,0.0423899226070215,0.0076869933637422,0.0438885637677383,0.013710648005673,0.070413806367082,0.0574914027478369,0.0277428358182509,18.25451507839556,1.9049465259028373e-74,27.58941168171349,1.4908689999383365e-167,24.377899308531195,2.9344376779705684e-131,48.0,0.6003489416894383,0.117288132746484
BTCUSDT,sqrt_usd,300,2,600,151823,-0.7877609402226924,0.0372199523167273,0.0076868120165184,0.0387613296348552,0.0137078367148278,0.0461872564185872,0.0329308301462882,0.0077253724935046,5.384612209155831,7.260100152774335e-08,19.065991396583843,4.84016468747513e-81,18.108414165572626,2.7351472462581743e-73,48.0,0.6003489416894383,0.0769340182204901
BTCUSDT,sqrt_usd,300,3,900,151807,-0.8424190902402069,0.0353204422352843,0.0076826368982534,0.0371178542200926,0.0137017741920056,0.0418606425594466,0.0285500547710837,0.0049256166605026,3.3968043026109647,0.0006817770580343,17.527572941366152,8.825711745127276e-69,17.05491233852598,3.2135462457317226e-65,48.0,0.6003489416894383,0.0697271863953768
BTCUSDT,sqrt_usd,300,6,1800,151767,-0.876130817429539,0.0336550881040548,0.0077110719251212,0.0353362800422624,0.0137123677246203,0.0403723787907451,0.027030665491181,0.0052205744284685,3.5859248489313025,0.0003358856847761,17.352742995275964,1.880468083215493e-67,16.910748633174883,3.749148414282095e-64,96.0,0.6003489416894383,0.0672481884904027
BTCUSDT,sqrt_usd,300,12,3600,151681,-0.8784715985985352,0.0319413759305888,0.0077006775022555,0.0337718479232522,0.0137048919160136,0.0383780557584558,0.0250160054939065,0.004767205162987,3.6866873598164633,0.0002271921887929,15.536291176102454,1.9706282696732664e-54,15.717788903494576,1.1424145134836816e-55,96.0,0.6003489416894383,0.06392624870872
BTCUSDT,sqrt_usd,300,24,7200,151545,-0.8899686123644364,0.0252235695439608,0.0076944537358439,0.026985299267738,0.0136930208116248,0.033211508293409,0.0197894650384059,0.0063988848482815,5.233188488235258,1.666106852746084e-07,14.537810930832066,6.978891166081879e-48,15.230441933852356,2.2208523896318386e-52,96.0,0.6003489416894383,0.0553203412001505
BTCUSDT,sqrt_usd,3600,1,3600,12648,-0.4085404124962513,0.0894164949185014,-0.0503226045153488,0.1080215576490621,0.0124730125094429,0.1551221688558166,0.144450894156184,0.0528046519629039,8.24525977527546,1.6480179418633776e-16,10.40297392633246,2.4031371737478363e-25,10.576526651077462,3.8289015882298233e-26,6.0,0.8218959075839272,0.1887370011511786
BTCUSDT,sqrt_usd,3600,2,7200,12635,-0.5787641885718735,0.0640848587882757,-0.0499698472619472,0.0820156740822042,0.012567139965023,0.1172295697096043,0.1059944771747558,0.0383600183937709,6.184004700832873,6.249550527345812e-10,8.556658425869609,1.1618613224178973e-17,8.903993813375397,5.387245586897609e-19,12.0,0.8218959075839272,0.1426331103828175
BTCUSDT,sqrt_usd,3600,4,14400,12617,-0.6437280136037309,0.0382153723492958,-0.0502573173307814,0.0544900919060434,0.0124570776854254,0.1000724353683631,0.0887205565481521,0.0482092710738576,7.614782060005113,2.64136770546622e-14,7.243499016564131,4.372544156192279e-13,7.691599939747728,1.4530636423889694e-14,24.0,0.8218959075839272,0.1217580407019417
BTCUSDT,sqrt_usd,3600,8,28800,12592,-0.7592687788285566,0.013778875022726,-0.0500700536340348,0.0279343355775392,0.012597646188895,0.0705204246826075,0.0586617788282013,0.0438098892530786,6.740961926372105,1.5734143784174708e-11,5.643903433527918,1.6623733756161467e-08,6.315690007549577,2.6895870136453913e-10,48.0,0.8218959075839272,0.0858021362947429
BTCUSDT,sqrt_usd,3600,24,86400,12573,-0.7665277793747827,-0.009880551693739,-0.0507025833207499,-0.0002358834656521,0.0125564922976876,0.0372554244249065,0.0250130077665819,0.0374824663964838,6.126743039400087,8.969615370514537e-10,4.322890871492251,1.539979172646432e-05,5.463920023701016,4.65733428087284e-08,288.0,0.8218959075839272,0.0453286408669729
BNBUSDT,kyle_usd,60,1,60,744313,-0.7999981864981116,-4.584104771721036,-8.53732401654394,0.0170542131173111,0.0106235380445971,0.0480938306174553,0.0378726339403728,0.031578158138897,12.759132120538016,2.772730313122046e-37,21.054995586213824,2.0580258113534567e-98,20.79465677253288,4.838027056922519e-96,288.0,0.1621286654284476,0.2966398970247529
BNBUSDT,kyle_usd,60,5,300,744071,-0.8578137457532669,-4.518969862319105,-8.503461702041964,0.0178961213505297,0.0100860373193204,0.041003733396502,0.0312327103594506,0.0235286842342467,10.77400696423759,4.5668329302229925e-27,18.96672653471754,3.2130203197796782e-80,20.140086516889863,3.287613922428013e-90,288.0,0.1621286654284476,0.2529085975520986
BNBUSDT,kyle_usd,60,15,900,743815,-0.880124976119256,-4.550983254007493,-8.530628029330655,0.0186996247822679,0.0105429475819674,0.0382442812732105,0.0279964993160103,0.0199170987645919,10.145558270977912,3.467898590805383e-24,17.642101860502464,1.1702592793209665e-69,20.03862589201305,2.536743937912093e-89,288.0,0.1621286654284476,0.2358884603912868
BNBUSDT,kyle_usd,60,60,3600,743150,-0.9028073431003136,-4.532463433429264,-8.521703358388576,0.0210271960278212,0.0102031492380189,0.033807566567971,0.023847739373772,0.0130548780193826,8.456996149371045,2.743529741119217e-17,15.267828594790686,1.25275578728553e-52,18.655678819208354,1.1355091993895319e-77,288.0,0.1621286654284476,0.2085230670259932
BNBUSDT,kyle_usd,300,1,300,151817,-0.4124770798905348,0.1016692934036676,0.0204360365944348,0.1077221999888713,0.0621687223150599,0.1913252363365731,0.1377182837624474,0.0936961967972968,22.638036939019614,1.8301401032786668e-113,22.86878130596749,9.505061502620469e-116,22.307748106932912,3.107512300761481e-110,96.0,0.4198968350083383,0.4556481982836899
BNBUSDT,kyle_usd,300,2,600,151795,-0.4802390768763511,0.0922391621013214,0.0203960723514966,0.1000469027362807,0.0621269464013972,0.17309203985637,0.1183156857201532,0.081165493337576,19.953679934743118,1.39252094748801e-88,21.12260506705096,4.929993863655216e-99,21.23761885112783,4.290965095354461e-100,96.0,0.4198968350083383,0.4122251596703098
BNBUSDT,kyle_usd,300,3,900,151779,-0.5196438610989729,0.0906932698472257,0.0204214395674533,0.0989767828055186,0.0621434751672355,0.1638848497932812,0.1084828776386537,0.0720381736553548,18.66209051277516,1.0071297492567315e-77,20.140780413816987,3.2418766662675012e-90,20.655448510892803,8.720760754884852e-95,96.0,0.4198968350083383,0.3902978925526476
BNBUSDT,kyle_usd,300,6,1800,151737,-0.576604540338123,0.0917563685011561,0.0203974835687016,0.0957048467004063,0.0621523270984182,0.1482148421671489,0.091765984557454,0.05806731936486,18.20948868292898,4.339808664625135e-74,18.583412042909316,4.3776623470134385e-77,19.7791806233031,4.499421225062011e-87,288.0,0.4198968350083383,0.3529791839564729
BNBUSDT,kyle_usd,300,12,3600,151652,-0.6065010073215182,0.0844961100331355,0.0204159180298548,0.0899026527743586,0.0621499731269831,0.1327819824820142,0.0753126910818914,0.0471151023990673,16.087237386755906,3.135181470009923e-58,16.797034383171702,2.565546869154014e-63,18.896890307821188,1.209758691545183e-79,288.0,0.4198968350083383,0.3162252520416769
BNBUSDT,kyle_usd,300,24,7200,151514,-0.6584647870941303,0.0750931539460789,0.0204773123351185,0.0820387364229427,0.0621599547992149,0.1142156665834406,0.0555059597322706,0.0350526012776538,13.265157505048943,3.686454977542614e-40,14.189854494387236,1.058781888443453e-45,17.734756479035514,2.260736323072985e-70,288.0,0.4198968350083383,0.2720088770880412
BNBUSDT,kyle_usd,3600,1,3600,12648,-0.1179228401334073,0.1800877345399348,-0.0157216744908341,0.202340125846267,0.0524007601034008,0.2704213375065685,0.2300767753116368,0.0853511802038825,12.078785587952968,1.3672411252285502e-33,12.02401633860701,2.657338957370261e-33,11.196953526423773,4.2199670605550245e-29,6.0,0.7375120221383513,0.3666670228947666
BNBUSDT,kyle_usd,3600,2,7200,12635,-0.2737443315099801,0.1209120155006784,-0.015906789892141,0.1434585047065921,0.0523243681089686,0.2014980647445706,0.1574100795838071,0.0677603599555873,10.614589804919948,2.549115804866524e-26,9.713977606164406,2.628738141761297e-22,9.489168840182224,2.328836900193985e-21,12.0,0.7375120221383513,0.2732132612026374
BNBUSDT,kyle_usd,3600,4,14400,12617,-0.4725468508426285,0.0774580864150207,-0.015513775887316,0.1004491382775663,0.0524869347851715,0.1379659283641687,0.0902140526786474,0.0417061354538268,6.7476698223930525,1.5023834702736472e-11,6.989709138505723,2.7545671279383338e-12,7.723371915074004,1.1329198796292898e-14,24.0,0.7375120221383513,0.1870693957830662
BNBUSDT,kyle_usd,3600,8,28800,12592,-0.6531655972104085,0.0421735796675628,-0.0161325707949295,0.0593990349739926,0.052486891682047,0.1016874482275912,0.0519259903779972,0.0449589303285792,4.519796497902059,6.18991021696533e-06,4.88345875930126,1.0424095998387635e-06,6.540479831233641,6.132176704656685e-11,24.0,0.7375120221383513,0.137879038137924
BNBUSDT,kyle_usd,3600,24,86400,12573,-0.6990858691577713,0.0343994096671431,-0.0166505706660151,0.0461618559191788,0.0524926889129937,0.0731824461662278,0.0218359869218298,0.028328276044242,4.443844630116855,8.836542848582127e-06,3.930479311446239,8.477668842256199e-05,6.6188956402980095,3.618922107956975e-11,288.0,0.7375120221383513,0.0992288179303731
BNBUSDT,sqrt_usd,60,1,60,744313,-0.6936666082850336,-0.1468369825271993,-0.1104185700955622,-0.0380063370081549,0.0266591751785029,0.0813885542491668,0.0562283813387779,0.1150232777975648,4.884078116613694,1.0391387509136556e-06,34.78638845372834,3.9071046755877815e-265,31.732074146073398,5.612132385423642e-221,288.0,0.264400268261056,0.3078232665362037
BNBUSDT,sqrt_usd,60,5,300,744071,-0.7931719188441975,-0.146263248297279,-0.1094267487622697,-0.0286661198025259,0.0264327799790869,0.0650562508882758,0.0396721152016182,0.0911105837808615,4.467985355472043,7.895970992408114e-06,29.82178050866016,2.0393785397886937e-195,28.53415328256346,4.417890555140135e-179,288.0,0.264400268261056,0.2460521364677377
BNBUSDT,sqrt_usd,60,15,900,743815,-0.8294584284806159,-0.1490624267707361,-0.1090157822240445,-0.019741916239778,0.0263342142754103,0.0586023689072876,0.0331408940367189,0.0768275618559981,4.460307103262914,8.184229267923058e-06,27.27591546510985,8.191015885676469e-164,27.123206469362987,5.244000777790921e-162,288.0,0.264400268261056,0.221642622727699
BNBUSDT,sqrt_usd,60,60,3600,743150,-0.8654565662570972,-0.1546218075321388,-0.1085378634958564,-0.010976881201548,0.0263373175106799,0.0499367559864601,0.0242377970319707,0.0602522553390264,4.26556413251795,1.9939772448673493e-05,22.871966482897268,8.836046214601144e-116,25.243762854346876,1.3260411097516445e-140,288.0,0.264400268261056,0.1888680231487324
BNBUSDT,sqrt_usd,300,1,300,151817,-0.4469838157792776,0.1125009925527349,0.0215643334847702,0.1186406728288322,0.033504671311371,0.1619824461902698,0.1329316045978427,0.0491760534270946,26.532822259796504,4.054273540574461e-155,29.867918545794225,5.138210994236251e-196,27.152916658295776,2.338982373109235e-162,12.0,0.5295280343095623,0.3058996610094014
BNBUSDT,sqrt_usd,300,2,600,151795,-0.5540609691083918,0.0967027617277839,0.021530806111209,0.10147171679882,0.0334741530388537,0.1336546559316674,0.1036501022789936,0.0358173913214946,21.426989256292572,7.486760289898814e-102,25.22532934405761,2.112954848360184e-140,23.850075708183734,1.0108098999676088e-125,24.0,0.5295280343095623,0.2524033616198173
BNBUSDT,sqrt_usd,300,3,900,151779,-0.6016543965930656,0.0900508033523552,0.0215562137419973,0.0948697841043052,0.0334893556218846,0.1219007619423555,0.0914748397596363,0.0298641867914012,18.53783316665257,1.0225952129215363e-76,23.217156067358275,3.05545542991172e-119,22.440076267462835,1.5997029201673269e-111,24.0,0.5295280343095623,0.2302064367589125
BNBUSDT,sqrt_usd,300,6,1800,151737,-0.6758970766841981,0.0760509515984052,0.0215557261938593,0.080778821790583,0.0334873667408339,0.1053495140118899,0.0743519999616875,0.0267299022300259,17.803040355741626,6.6934368053638906e-71,20.208749216946178,8.19996762224662e-91,20.364607708939648,3.4460141339789324e-92,48.0,0.5295280343095623,0.198949833032452
BNBUSDT,sqrt_usd,300,12,3600,151652,-0.7208007608445541,0.0648099850475019,0.0215852159264651,0.0702623686829307,0.0334969969358766,0.0913063721565655,0.0598129287104279,0.0226343462551081,16.100909370525848,2.5138264629316284e-58,17.710218775984913,3.497105332497408e-70,18.75498011375409,1.7628362856820788e-78,96.0,0.5295280343095623,0.1724297227730681
BNBUSDT,sqrt_usd,300,24,7200,151514,-0.764959313979201,0.0542076321265413,0.02168425405531,0.0612279074991803,0.0335623557374397,0.0767037757254629,0.0446396311693158,0.0164852239962267,12.41375589791848,2.2008128464417765e-35,14.678395323020554,8.86639417724952e-49,16.960174312040557,1.6186356051278387e-64,96.0,0.5295280343095623,0.1448530970139758
BNBUSDT,sqrt_usd,3600,1,3600,12648,-0.1754335388939305,0.1700645706559098,-0.032891499156644,0.1874731561149519,0.0233705536343251,0.2558488504777925,0.2380414574930004,0.0841519204902896,13.673914417592185,1.453604382595247e-42,12.52943450952349,5.152877102737171e-36,11.8197703627022,3.0852672050658434e-32,6.0,0.8366075202602542,0.3058170579176748
BNBUSDT,sqrt_usd,3600,2,7200,12635,-0.3335748570015404,0.1034334679080004,-0.032689292968441,0.1205638273208336,0.0233988947479116,0.1886983034316794,0.1692599033472313,0.0774751803798075,11.59591489024488,4.322220043142482e-31,9.903782445318098,4.008223343724755e-23,9.565912548319307,1.1121594804388619e-21,12.0,0.8366075202602542,0.2255517657467132
BNBUSDT,sqrt_usd,3600,4,14400,12617,-0.5091841534473982,0.0542424158505703,-0.0323315096807643,0.0783744690077781,0.0235341651103655,0.1286443045749402,0.107643437905285,0.0545447515034025,9.448785813891444,3.427837083019553e-21,7.4078961428707215,1.283187277128711e-13,7.501380687246834,6.314909502881404e-14,12.0,0.8366075202602542,0.1537690033373369
BNBUSDT,sqrt_usd,3600,8,28800,12592,-0.7001163475015575,0.0148275181168817,-0.0330901950541986,0.0429769512166658,0.0234167296596359,0.079260764254923,0.0571830752085523,0.0379132070898238,5.511711215264643,3.553616427478441e-08,4.777407836255398,1.7756939291331975e-06,5.435481367894524,5.4648695897882586e-08,24.0,0.8366075202602542,0.0947406786760252
BNBUSDT,sqrt_usd,3600,24,86400,12573,-0.73829114791818,0.0012697083937029,-0.0340267280428032,0.011899381259073,0.0234777985236221,0.0492212021836205,0.0263623332076604,0.0377712757351618,4.624611015654996,3.753020365272287e-06,3.6637145118802272,0.0002485838453427,4.775272210057767,1.7946433097706357e-06,288.0,0.8366075202602542,0.058834281298725
ETHBTC,kyle_usd,300,1,300,151841,-0.5921402586650206,0.08772917758586829,0.05735774100706714,0.08983030517950308,0.06119591667903013,0.11566973551525439,0.058024693121834336,0.028389684344354404,17.65346053705911,9.570786837901209e-70,26.59730235465982,7.293754639501518e-156,25.374547228516246,4.817112118219883e-142,24.0,0.4522038866983458,0.2557911130746535
ETHBTC,kyle_usd,300,2,600,151822,-0.6775922077172203,0.08215620447698002,0.05735430479829007,0.08398258448545881,0.06120537342343568,0.09981055074442424,0.041122068904215325,0.01727911062703391,12.685297786115365,7.134218951322962e-37,22.392784395791555,4.627580987860576e-111,23.652011305658633,1.1253880099289815e-123,48.0,0.4522038866983458,0.22072024075946395
ETHBTC,kyle_usd,300,3,900,151806,-0.7090931666616689,0.08064824833458595,0.057382498406825744,0.0823081007151939,0.061230162926396714,0.09469811745863621,0.035650862661467664,0.013501281588186975,10.815538813994902,2.905800829970273e-27,21.138056968683046,3.554114406373395e-99,23.247653947290466,1.5024267728568676e-119,96.0,0.4522038866983458,0.2094146473398337
ETHBTC,kyle_usd,300,6,1800,151766,-0.7636582262946965,0.07795576778187596,0.05737805592817846,0.07936586458897255,0.06124740654321148,0.08751152725507527,0.027977681121658216,0.008847882511401672,7.390807817341747,1.459394269813949e-13,17.77026285930131,1.2012655506468793e-70,22.220926372821918,2.155773933602289e-109,96.0,0.4522038866983458,0.19352228016883913
ETHBTC,kyle_usd,300,12,3600,151680,-0.7936158676463938,0.07455013878619732,0.05733267381342033,0.07594625959789769,0.06123355169312672,0.0832078847283031,0.02340766766303637,0.007858444604364134,6.945796522416184,3.7633086659690316e-12,16.092696654410016,2.8705708046809213e-58,21.67049832038921,3.8951787682062916e-104,96.0,0.4522038866983458,0.18400524006068317
ETHBTC,kyle_usd,300,24,7200,151544,-0.80260661081707,0.07138169005749206,0.05735398039341055,0.0725901190971171,0.06122045639947671,0.08047731345424458,0.02051265090514387,0.008504539923004595,8.259815455523155,1.458978588881712e-16,15.720960573512757,1.0866365375443924e-55,21.54373053290703,6.062259992736534e-103,288.0,0.4522038866983458,0.1779668769364847
LTCBTC,kyle_usd,300,1,300,151825,-0.7134544455869749,0.03300379008553578,0.009840054311091695,0.03581195745976584,0.01986286831511086,0.06587049567739878,0.04693999020647166,0.03117497509971312,23.4340165910363,1.924058329701039e-121,25.552912485727926,5.0963102492881473e-144,23.925210160364088,1.6743375878313805e-126,96.0,0.3240430221914727,0.2032770069601338
LTCBTC,kyle_usd,300,2,600,151805,-0.7975964377190097,0.031144269343679865,0.009828106532289937,0.03456709310408124,0.01985581964515759,0.05040840440193062,0.03117152085289332,0.016408505640006288,16.724449007605266,8.69768395736354e-63,20.45744015392128,5.157600712872487e-93,20.457406175808117,5.1611955631775474e-93,96.0,0.3240430221914727,0.15556083899299325
LTCBTC,kyle_usd,300,3,900,151790,-0.8254309465093608,0.030236098154948987,0.009854567395257141,0.033969247114348344,0.019863353330175415,0.04591530605752414,0.026579919050945144,0.012366126965928759,13.887156242531498,7.578492878101561e-44,18.485632512703948,2.6951986986418774e-76,19.31829505974813,3.768944332951415e-83,96.0,0.3240430221914727,0.1416950926670268
LTCBTC,kyle_usd,300,6,1800,151751,-0.8513379595420505,0.028195775976423088,0.009818870393121015,0.03263235720271174,0.019836288346708808,0.04026331976960973,0.020840428165255775,0.007888378967102816,9.82753893308911,8.568714350330462e-23,15.572714330535087,1.1157040888095394e-54,17.667152943222586,7.509229780896883e-70,96.0,0.3240430221914727,0.12425300658323904
LTCBTC,kyle_usd,300,12,3600,151665,-0.8931646733659011,0.025785967468247573,0.009846149900124668,0.030278995549019028,0.019848059919132188,0.035148985537249544,0.01561076909856951,0.005022052699567681,5.69521734879427,1.2321485351646836e-08,12.74824523184511,3.188415024542273e-37,16.188320315645807,6.097029219568984e-59,96.0,0.3240430221914727,0.10847012010794196
LTCBTC,kyle_usd,300,24,7200,151528,-0.9034348953482669,0.02591234860109415,0.009843840484843991,0.028883775065484008,0.01983069980143659,0.03201524612487272,0.012431063002042442,0.00322460996838958,4.4598938856627655,8.200024216545542e-06,11.24125140093402,2.557312429835902e-29,15.531071028069618,2.1377927028989032e-54,288.0,0.3240430221914727,0.0987993690108079
NEOUSDT,kyle_usd,300,1,300,145834,-0.7860181430658013,-0.3472327835820008,-0.19271494951370216,-0.8054755973195826,-0.08028864489355092,0.05277986680509117,0.12317866370959984,0.47536253904447334,2.9678149017361535,0.0029992488432767192,5.247778702263074,1.5394405769457884e-07,20.08932885826125,9.149036797106335e-90,288.0,0.2067167801474193,0.2553245400177548
NEOUSDT,kyle_usd,300,2,600,144995,-0.8306275561551713,-0.3449150323241372,-0.19079486945871804,-0.8058030465733086,-0.08072381057535205,0.04605609096042895,0.1173101770269005,0.471734245409667,2.9317148206152717,0.003370961371600874,4.9258638230316905,8.398847729576507e-07,18.695197139801184,5.416989598409944e-78,288.0,0.2067167801474193,0.22279802794714695
NEOUSDT,kyle_usd,300,3,900,144900,-0.86200061616728,-0.3423750856435337,-0.19020176395186805,-0.7920351089367168,-0.07512017328182696,0.04332611250038165,0.11017027558942438,0.46615226301718515,2.9169129162154035,0.003535144577098457,4.857450224023028,1.1890701585011055e-06,18.07138969569092,5.354774929370944e-73,288.0,0.2067167801474193,0.20959165709471578
NEOUSDT,kyle_usd,300,6,1800,144773,-0.8674587191637377,-0.3443420630984344,-0.1915737737404848,-0.7686592925936677,-0.07952274805620241,0.03774836898356837,0.10863237226906997,0.4559429082549141,2.900188362254574,0.0037293847482896135,4.633910374393152,3.588223932372762e-06,16.243191974653488,2.495920521423493e-59,288.0,0.2067167801474193,0.1826091184114239
NEOUSDT,kyle_usd,300,12,3600,144615,-0.8956838641069207,-0.3416824022178617,-0.1867289295365906,-0.7428104325710165,-0.07297326014140193,0.031919236381964367,0.0977587237444697,0.444528936982601,2.882823025140364,0.003941288023424664,4.359786074177884,1.3018965471587236e-05,14.22543717807594,6.370498706511873e-46,288.0,0.2067167801474193,0.15441047581720885
NEOUSDT,kyle_usd,300,24,7200,144391,-0.9144155387896822,-0.3425422624835608,-0.18719784524701932,-0.6842275574074395,-0.07107625882323809,0.029180003137268984,0.09360329027426662,0.4235814557285056,2.8689928610027944,0.004117810927670846,4.262789108589707,2.0189103855616106e-05,13.45234919411389,2.982442856399055e-41,288.0,0.2067167801474193,0.1411593346048607
QTUMUSDT,kyle_usd,300,1,300,95844,-0.7199241601847091,-11.149709456128818,-3.9840530190464554,-89.29519207305782,-1.2755728897343186,0.01470983198733411,0.5670144549280063,0.9890881214670271,3.3447819726514467,0.00082347276233442,4.121868906266936,3.758110540856376e-05,3.6418132886202903,0.00027072440101492815,288.0,0.125829707707453,0.11690269535977658
QTUMUSDT,kyle_usd,300,2,600,91667,-0.7546965402389916,-10.955091915298185,-3.9835764003004783,-105.11584449610939,-1.384474039228719,0.009743104000827896,0.5847063630353131,0.9906681523319971,3.3091021609988873,0.0009359567834914169,4.223956562984656,2.400503357520103e-05,2.932081792251049,0.0033669805851173407,288.0,0.125829707707453,0.07743087207577455
QTUMUSDT,kyle_usd,300,3,900,90986,-0.7769052297518768,-10.805244065650745,-3.969140251970452,-129.66790873351377,-1.4502940836970155,0.00689304658495038,0.594698873077045,0.9923997639279557,3.3494080149641037,0.0008098444109179219,4.258127230999784,2.061466179721976e-05,1.819043065427725,0.06890486010700068,288.0,0.125829707707453,0.05478075655215162
QTUMUSDT,kyle_usd,300,6,1800,90414,-0.8210087181282335,-10.844664296473514,-3.9625130185787523,-89.77543644011878,-1.3277125962211342,0.0002996181778549545,0.5705224161070902,0.9889871046504788,3.733450956898035,0.00018887398450083098,4.21861052793662,2.458124636673618e-05,0.12037648938148006,0.9041849147149181,288.0,0.125829707707453,0.0023811402196971636
QTUMUSDT,kyle_usd,300,12,3600,89908,-0.875925097389801,-11.534426128712486,-4.033166577027877,-57.75326831753928,-1.4221806371190384,-0.004533751408520192,0.5852771110401902,0.9829025043172169,3.546464787963427,0.0003904369163498052,4.308753659434632,1.6417710642503247e-05,-1.9688328542500115,0.04897228817530467,288.0,0.125829707707453,-0.03603085067209176
QTUMUSDT,kyle_usd,300,24,7200,89336,-0.8934484418150452,-11.647134582826107,-4.0490416842729955,-89.53492893672352,-1.7522083230033,-0.004448816546375189,0.6350389582972091,0.9889054000666593,3.159071047999654,0.001582729008386885,4.693058602163904,2.6915034887698313e-06,-1.8120636286145353,0.06997636548791185,288.0,0.125829707707453,-0.03535585218649985
ETHBTC,kyle_usd,60,1,60,759126,-0.6836765235110054,0.05253700413817175,0.04185192846990915,0.05393605474180396,0.04296069829884286,0.08141548785467001,0.04018099307674505,0.029046063165811153,11.131077779840293,8.855819615546755e-29,41.11565051010601,0.0,40.48884267455422,0.0,96.0,0.251582325804028,0.3236137021727402
ETHBTC,kyle_usd,3600,1,3600,12648,-0.5428739443065054,0.0746451352576305,-0.03844385599466804,0.08120392677441757,0.02391989169769504,0.10477293938423637,0.08283443848391592,0.02565206066573178,4.625007223787706,3.7458534593988206e-06,9.389540805441923,6.02624042702145e-21,8.890998009157776,6.056246360263204e-19,12.0,0.7150627195876693,0.14652272662830498
LTCBTC,kyle_usd,60,1,60,750157,-0.871432933652966,-0.2730320143337721,-0.3291609683913146,-0.0264209905971724,0.0069251514364248035,0.0252894095082159,0.0184923201895143,0.05037932834489589,3.6143518569792668,0.00030109992115525823,32.141234357156705,1.1710036837624186e-226,29.47200274556476,6.579111819095184e-191,288.0,0.1027181700613735,0.24620190851439064
LTCBTC,kyle_usd,3600,1,3600,12648,-0.5930485048109648,0.049598101378292014,-0.0581767707428853,0.06092127130519154,0.009108627301278593,0.08371064289410779,0.07528778395723479,0.02426779661018441,4.831109079680209,1.3577458865595482e-06,7.989294645470372,1.3571298423773486e-15,7.757225700500907,8.680736310446355e-15,12.0,0.6811433614447032,0.12289724547348996
NEOUSDT,kyle_usd,60,1,60,624835,-0.926564610507032,-6.197967880485194,-8.65438294890403,-2.804198945405616e+23,-8.3894362708376e+22,0.023543751163378035,1.0,1.0,2.1233591566224947,0.033723767015124646,2.1186635065878585,0.0341189145344532,22.785395475244886,6.400231304758202e-115,288.0,0.0897166918640851,0.2624233091323215
NEOUSDT,kyle_usd,3600,1,3600,11951,-0.664097817846937,0.056086637573302345,-0.03737010514231209,0.06235418029325479,0.035870242024427124,0.0811428658505321,0.046956982140210934,0.020038147840464537,4.709534553407113,2.48283121932335e-06,8.17822412597658,2.8805760800574166e-16,8.751165162149652,2.111610595370145e-18,24.0,0.4818443935898661,0.16840056028461106
QTUMUSDT,kyle_usd,60,1,60,137984,-0.8076836467749451,-37.87749746910284,-17.85226745185329,-185710395802.0426,-473727438633.97504,0.0033628517311143913,0.9999999999978961,0.9999999999946334,2.5513585157742877,0.010730388181135801,1.0611860496439278,0.2886053579426888,1.0102171945232936,0.3123912430830006,288.0,0.1296644302320889,0.025935036502263243
QTUMUSDT,kyle_usd,3600,1,3600,6489,-0.6565450381807074,-0.032984688426822784,-2.5733718337651337,-0.1411604359918457,-0.6272079817071139,-0.06196802064665041,0.3473679870150752,0.06939639059284852,1.6154356252040378,0.1062163905877692,4.295367483274936,1.7440419248062078e-05,-1.2080052224013118,0.22704525356042382,288.0,0.4586352568320468,-0.13511394888104564
