symbol,tau,term,coef,t
BTCUSDT,10,const,-3.817851838171343e-17,-1.1908972990765897e-14
BTCUSDT,10,f_har,-0.07203670332380044,-18.36789361212179
BTCUSDT,10,f_trailing,0.012862831567051545,3.1448697673515857
BTCUSDT,10,f_rv,0.21509441160171386,66.82238841784115
BTCUSDT,10,f_abs_oi,-0.002760672372931958,-1.0217449257723374
BTCUSDT,60,const,-3.760868974915054e-17,-1.298515527533264e-14
BTCUSDT,60,f_har,-0.040892240699817305,-10.889473145588333
BTCUSDT,60,f_trailing,-0.001380252661309627,-0.3677712260869502
BTCUSDT,60,f_rv,0.09270804339356917,29.749370303370405
BTCUSDT,60,f_abs_oi,-0.006319758114528228,-2.360530905703062
BTCUSDT,300,const,1.6554438462185554e-17,6.273306570183855e-15
BTCUSDT,300,f_har,-0.0074882764508634805,-2.1596726481491197
BTCUSDT,300,f_trailing,-0.00797674237273529,-2.327082596217729
BTCUSDT,300,f_rv,0.010027807355156024,3.5246025182342167
BTCUSDT,300,f_abs_oi,-0.01226626081255722,-4.678835645339669
BNBUSDT,10,const,-4.4800786947417805e-10,-1.4669885733377208e-07
BNBUSDT,10,f_har,0.07597174307767667,22.160208906574752
BNBUSDT,10,f_trailing,-0.03785002671991654,-11.36904985265161
BNBUSDT,10,f_rv,0.16879008148631536,54.525394361080664
BNBUSDT,10,f_abs_oi,-0.0262418975470836,-9.644168780376747
BNBUSDT,60,const,-3.14982175023154e-10,-1.0822608965060169e-07
BNBUSDT,60,f_har,0.018784887664996315,5.751307773011337
BNBUSDT,60,f_trailing,-0.01349715717038957,-4.191129222099565
BNBUSDT,60,f_rv,0.09899435445500518,32.810732173218845
BNBUSDT,60,f_abs_oi,-0.018449965143145123,-6.843933152763003
BNBUSDT,300,const,-2.2546412013783966e-10,-8.352762398294576e-08
BNBUSDT,300,f_har,0.01548288730068862,5.0281406847727235
BNBUSDT,300,f_trailing,-0.007078269569701416,-2.369403580080966
BNBUSDT,300,f_rv,0.026273856210394485,9.176122618805767
BNBUSDT,300,f_abs_oi,-0.013155513087454142,-4.903389542698244
