symbol,rate,a,b,cost_a_bps,cost_b_bps,diff_bps,ci_lo,ci_hi,rel_saving,boot_p_ge0,volume_ratio
BTCUSDT,0.01,har,trailing,1.618474098076714,1.6270093138377282,-0.008535215761014348,-0.01289386325041511,-0.003825104935377323,0.0052459538420722394,0.0,0.9981568024543895
BTCUSDT,0.01,har,twap,1.618474098076714,1.6431089872753846,-0.024634889198671406,-0.034936652235902435,-0.01427821839715059,0.01499285159380764,0.0,0.9939882566795316
BTCUSDT,0.01,har,seasonal,1.618474098076714,1.6332286713497794,-0.014754573273065619,-0.025171618849204623,-0.0033981470970976327,0.009033991094995732,0.006,0.9976978406773055
BTCUSDT,0.01,trailing,twap,1.6270093138377282,1.6431089872753846,-0.01609967343765706,-0.027510790219925002,-0.004086225379351363,0.009798299176948484,0.005,0.9958237565835271
BTCUSDT,0.05,har,trailing,2.4698981406073046,2.496186772827447,-0.026288632220142105,-0.038122263867648255,-0.01415684754097183,0.01053151651403264,0.0,0.9981568024543896
BTCUSDT,0.05,har,twap,2.4698981406073046,2.537254568047747,-0.0673564274404419,-0.0962792523280472,-0.036493396987603115,0.026546972577634696,0.0,0.993988256679532
BTCUSDT,0.05,har,seasonal,2.4698981406073046,2.5141108123984215,-0.04421267179111732,-0.07329536130260836,-0.014284628882289197,0.017585808697485033,0.002,0.9976978406773055
BTCUSDT,0.05,trailing,twap,2.496186772827447,2.537254568047747,-0.041067795220299796,-0.07228096100005252,-0.007632007068940849,0.01618591832978699,0.007,0.9958237565835272
BTCUSDT,0.1,har,trailing,3.5341781937705425,3.582658596564596,-0.04848040279405241,-0.07059770722337043,-0.026593033569275882,0.013531962783319676,0.0,0.9981568024543896
BTCUSDT,0.1,har,twap,3.5341781937705425,3.6549365440131987,-0.12075835024265613,-0.1756639095820729,-0.06314596632748029,0.033039793930337534,0.0,0.993988256679532
BTCUSDT,0.1,har,seasonal,3.5341781937705425,3.6152134887092244,-0.08103529493868233,-0.1344599630934704,-0.026822061829432843,0.02241507871990574,0.001,0.9976978406773055
BTCUSDT,0.1,trailing,twap,3.582658596564596,3.6549365440131987,-0.07227794744860372,-0.13025910317803574,-0.01088332949338569,0.019775431550787193,0.007,0.9958237565835272
BNBUSDT,0.01,har,trailing,2.7603862479740084,2.9114152139864,-0.15102896601239157,-0.21020097599543344,-0.08854413153339072,0.05187476018083935,0.0,0.9803846830613814
BNBUSDT,0.01,har,twap,2.7603862479740084,3.1485524466656845,-0.388166198691676,-0.44427044304300645,-0.32985683139349414,0.1232840186933344,0.0,1.0200292635389232
BNBUSDT,0.01,har,seasonal,2.7603862479740084,3.0885463925877827,-0.3281601446137743,-0.3995199594747009,-0.2567936434566478,0.10625067682367582,0.0,0.9800451532628396
BNBUSDT,0.01,trailing,twap,2.9114152139864,3.1485524466656845,-0.23713723267928444,-0.3217160165969491,-0.14795188431863954,0.07531627206350418,0.0,1.0404377803555094
BNBUSDT,0.05,har,trailing,3.210657462657643,3.504923551348866,-0.2942660886912227,-0.3749035255029736,-0.2176125198589456,0.08395791930411,0.0,0.9803846830613813
BNBUSDT,0.05,har,twap,3.210657462657643,3.793278168688768,-0.5826207060311259,-0.6800475584574421,-0.4847075801631477,0.1535929294192843,0.0,1.0200292635389232
BNBUSDT,0.05,har,seasonal,3.210657462657643,3.8614764399009944,-0.6508189772433517,-0.7862108661481717,-0.5162174720802641,0.16854148597629104,0.0,0.9800451532628397
BNBUSDT,0.05,trailing,twap,3.504923551348866,3.793278168688768,-0.2883546173399032,-0.3986075444992888,-0.1694415228149971,0.076017261196423,0.0,1.0404377803555094
BNBUSDT,0.1,har,trailing,3.7734964810121867,4.246808973051947,-0.47331249203975956,-0.5902766635702973,-0.36627825469189745,0.11145132617058026,0.0,0.9803846830613813
BNBUSDT,0.1,har,twap,3.7734964810121867,4.599185321217625,-0.8256888402054376,-0.9861524635622209,-0.6646698513595428,0.17952936934205516,0.0,1.0200292635389232
BNBUSDT,0.1,har,seasonal,3.7734964810121867,4.8276389990425095,-1.0541425180303228,-1.3023201002493319,-0.8219660178439445,0.21835570518827035,0.0,0.9800451532628397
BNBUSDT,0.1,trailing,twap,4.246808973051947,4.599185321217625,-0.3523763481656781,-0.5180683860608187,-0.18500068012154652,0.07661712315440838,0.0,1.0404377803555094
