venue,window_sec,estimator,n_windows,median_lambda,iqr_lambda,frac_negative,split_half_r,reliability_sb,reliability_spearman_sb,reliability_noise,rel_noise,ac1,phi_true,trades,hours
AMZN,60,kyle_usd,341,17.428376153313636,21.04374162838632,0.03519061583577713,0.12312679128980857,0.21925715287836503,0.2589470367460665,-28.303251876360342,6.6361126840464175,0.17363961202713393,0.7919450277796052,11419,6.5
AMZN,60,sqrt_usd,341,0.003144866522574856,0.0031642298078073715,0.03812316715542522,0.138338809792781,0.2430538405660854,0.2610382022111205,-0.4239925037568699,1.1112399448502916,0.18043683064931387,0.7423739128296301,11419,6.5
AMZN,60,ofi,390,12.33843007798355,9.649808920335387,0.0,0.3775959332808349,0.5481954819386922,0.5205408688105477,0.49460254972686146,0.45275055998693686,0.36989115427596514,0.6747431645511668,11419,6.5
AMZN,300,kyle_usd,78,14.266890650015146,11.743837954408367,0.01282051282051282,0.39943768524811063,0.5708545503078876,0.565798541840473,0.523166446280571,0.46882457842167835,0.1997300661920149,0.34987908230615217,11419,6.5
AMZN,300,sqrt_usd,78,0.0031206345581739313,0.001820189164776836,0.0,0.39095317184442613,0.5621370722725568,0.561676973444889,0.5308662304905905,0.31463526909072753,0.2832066138907603,0.503803481143555,11419,6.5
AMZN,300,ofi,78,11.224367255779727,6.181704569259299,0.0,0.6459180258085554,0.784872655478998,0.7553082649961437,0.8083196596758734,0.2183231411621578,0.4651450571304269,0.5926376130998661,11419,6.5
AMZN,900,kyle_usd,26,11.633812474701305,6.419468658824345,0.0,0.3958293803684867,0.5671601213380266,0.28947368421052627,0.5857911239650608,0.29793820578982033,0.3724790538169424,0.6567440830257976,11419,6.5
AMZN,900,sqrt_usd,26,0.0027203032302774354,0.0008904544198815923,0.0,0.5288747147105085,0.6918483373709933,0.6130867709815078,0.7180580613514798,0.1877337166830981,0.2902207805127337,0.4194861284419148,11419,6.5
AMZN,900,ofi,26,9.474753269132215,2.730201272418882,0.0,0.6623806542020271,0.796906114767056,0.6163670766319772,0.8351982627465024,0.2284391392050904,0.2012597805782997,0.25255143215600756,11419,6.5
CB_BTC,60,kyle_usd,121,236.9233949024636,527.4617297602153,0.19008264462809918,0.10020398113768439,0.18215527821316693,0.33975293507340676,-24.62286404636241,640.0446519719184,0.16584691570626794,0.9104699975379569,1588,6.5
CB_BTC,60,sqrt_usd,121,0.012963431905837307,0.022281720684573656,0.19008264462809918,0.14187967166174453,0.24850196598258228,0.28086882976415944,-5.02589327894901,12.697005950765325,0.2875056258075761,1.1569551358307066,1588,6.5
CB_BTC,60,ofi,390,28.75061926091908,32.79829340613088,0.09743589743589744,0.17925370707028865,0.3040121154515978,0.20670527306464123,0.3278851752760096,1.110937261137536,-0.10112334385095957,-0.3326293220279886,1588,6.5
CB_BTC,300,kyle_usd,58,302.9020152389945,415.69285537431483,0.05172413793103448,0.1105117526221136,0.19902851520693216,0.4929303231190024,-181.26014912344527,657.1375435295902,-0.008614059033775677,-0.043280527038145986,1588,6.5
CB_BTC,300,sqrt_usd,58,0.016601227828725425,0.015866592295568395,0.05172413793103448,0.1747564019455854,0.2975193864126396,0.4592160765913077,-12.344651321776592,9.713724545696774,0.016534124819917582,0.055573268751589355,1588,6.5
CB_BTC,300,ofi,78,27.26230935384644,13.250352044246398,0.02564102564102564,0.12995274605471344,0.2300144789389644,0.17882640136336417,0.26393566903371035,0.39445645946585467,0.0016947987529442932,0.007368226386279002,1588,6.5
CB_BTC,900,kyle_usd,26,241.77845133442827,254.75627480641933,0.038461538461538464,0.008714501022554295,0.017278429156555655,0.3759022765130483,-0.8005258994571869,0.9764430106684189,-0.05560991517913535,,1588,6.5
CB_BTC,900,sqrt_usd,26,0.015361538750211026,0.008199314624769359,0.038461538461538464,-0.05644079249837032,-0.11963381216493049,0.1977818853974122,-0.7336612296055949,0.5106557493410924,-0.04434516656560262,,1588,6.5
CB_BTC,900,ofi,26,25.454281305676762,9.900986505197743,0.0,0.226708976972314,0.3696214525663012,0.29644729178800233,0.3453523478633481,0.2521708992010105,-0.11516128754231006,-0.31156548610135903,1588,6.5
CB_ETH,60,kyle_usd,40,500.7852095470579,1287.9074337014868,0.05,-0.03831439226401276,-0.07968174204917759,-0.010182915330944751,-950947198.6373672,72966.44246067689,0.025554854015785083,,734,4.5
CB_ETH,60,sqrt_usd,40,0.020827009033041473,0.030732243690232527,0.025,-0.047336676392888084,-0.0993775559946091,-0.021236253318164585,-8066.433425108838,129.90215377454783,0.04613099477409368,,734,4.5
CB_ETH,60,ofi,270,29.961929678316093,17.533752160382683,0.025925925925925925,0.09983109394228272,0.18153895537621834,0.09098088098538519,0.2027044657331839,0.47264668029315327,0.10957602588176202,0.603595110783129,734,4.5
CB_ETH,300,kyle_usd,37,526.9774213493447,1030.6973179129773,0.05405405405405406,-0.031941532010314806,-0.06599091494266057,-0.12493702770780854,-16862791.830483124,5044.722154366027,-0.1903423668934356,,734,4.5
CB_ETH,300,sqrt_usd,37,0.02446467629178201,0.025628951935643025,0.05405405405405406,-0.04825860701769605,-0.10141117613152575,0.2336683417085427,-221.3557970651632,9.335950882463413,-0.07230293724386627,,734,4.5
CB_ETH,300,ofi,54,31.863500790042586,7.74914056890772,0.0,-0.045497351974560694,-0.0953320602487173,-0.04020530367835757,-0.03887183910857295,0.22748665836330398,-0.22949609196070672,,734,4.5
CB_ETH,900,kyle_usd,16,346.846422299791,431.91724631573845,0.0,-0.07901380174218374,-0.1715852026700296,0.3,-1.642957873219622,1.6242631681343813,0.011758872260247662,,734,4.5
CB_ETH,900,sqrt_usd,16,0.018671639493594856,0.014044248089973213,0.0,0.14980266870427866,0.26057109238247367,0.4367816091954023,-0.28572013936863394,0.694573394945565,0.152141784070576,0.5838782141161613,734,4.5
CB_ETH,900,ofi,18,32.034485811524284,3.9671911715033588,0.0,-0.32532794971798734,-0.9644032225197423,-0.45316455696202534,-1.2012900903265242,0.14547903144096785,0.024478925565692308,,734,4.5
